key,name,code,operationalScope,city,country,website,email,contactPhoneNumber
#base entity
airport-01,Lorem ipsum dolor sit ame,AAA,INTERNATIONAL,Lorem ipsum dolor sit ame,Lorem ipsum dolor sit ame,http://lorem.com/ipsum,passenger@mail.com,+441279358395
#name variations
airport-02,L,AAA,INTERNATIONAL,Lorem ipsum dolor sit ame,Lorem ipsum dolor sit ame,http://lorem.com/ipsum,passenger@mail.com,+441279358395
airport-03,Lo,AAA,INTERNATIONAL,Lorem ipsum dolor sit ame,Lorem ipsum dolor sit ame,http://lorem.com/ipsum,passenger@mail.com,+441279358395
airport-04,"Lorem ipsum dolor sit amet, consectetur adipiscin",AAA,INTERNATIONAL,Lorem ipsum dolor sit ame,Lorem ipsum dolor sit ame,http://lorem.com/ipsum,passenger@mail.com,+441279358395
airport-05,"Lorem ipsum dolor sit amet, consectetur adipiscing",AAA,INTERNATIONAL,Lorem ipsum dolor sit ame,Lorem ipsum dolor sit ame,http://lorem.com/ipsum,passenger@mail.com,+441279358395
airport-06,โลเร็ม อิปซัม,AAA,INTERNATIONAL,Lorem ipsum dolor sit ame,Lorem ipsum dolor sit ame,http://lorem.com/ipsum,passenger@mail.com,+441279358395
airport-07,لوريم إيبسوم,AAA,INTERNATIONAL,Lorem ipsum dolor sit ame,Lorem ipsum dolor sit ame,http://lorem.com/ipsum,passenger@mail.com,+441279358395
airport-08,洛伦·伊普森,AAA,INTERNATIONAL,Lorem ipsum dolor sit ame,Lorem ipsum dolor sit ame,http://lorem.com/ipsum,passenger@mail.com,+441279358395
airport-09,<marquee>Hacked</marquee>,AAA,INTERNATIONAL,Lorem ipsum dolor sit ame,Lorem ipsum dolor sit ame,http://lorem.com/ipsum,passenger@mail.com,+441279358395
airport-10,<script>alert(‘Hacked!’);</script>,AAA,INTERNATIONAL,Lorem ipsum dolor sit ame,Lorem ipsum dolor sit ame,http://lorem.com/ipsum,passenger@mail.com,+441279358395
airport-11,' or 'A' = 'A,AAA,INTERNATIONAL,Lorem ipsum dolor sit ame,Lorem ipsum dolor sit ame,http://lorem.com/ipsum,passenger@mail.com,+441279358395
#code variations
airport-12,Lorem ipsum dolor sit ame,ABC,INTERNATIONAL,Lorem ipsum dolor sit ame,Lorem ipsum dolor sit ame,http://lorem.com/ipsum,passenger@mail.com,+441279358395
airport-13,Lorem ipsum dolor sit ame,AXW,INTERNATIONAL,Lorem ipsum dolor sit ame,Lorem ipsum dolor sit ame,http://lorem.com/ipsum,passenger@mail.com,+441279358395
airport-14,Lorem ipsum dolor sit ame,YHN,INTERNATIONAL,Lorem ipsum dolor sit ame,Lorem ipsum dolor sit ame,http://lorem.com/ipsum,passenger@mail.com,+441279358395
airport-15,Lorem ipsum dolor sit ame,RTS,INTERNATIONAL,Lorem ipsum dolor sit ame,Lorem ipsum dolor sit ame,http://lorem.com/ipsum,passenger@mail.com,+441279358395
airport-16,Lorem ipsum dolor sit ame,ZZZ,INTERNATIONAL,Lorem ipsum dolor sit ame,Lorem ipsum dolor sit ame,http://lorem.com/ipsum,passenger@mail.com,+441279358395
#operationalScope variations
airport-17,Lorem ipsum dolor sit ame,AAA,DOMESTIC,Lorem ipsum dolor sit ame,Lorem ipsum dolor sit ame,http://lorem.com/ipsum,passenger@mail.com,+441279358395
airport-18,Lorem ipsum dolor sit ame,AAA,REGIONAL,Lorem ipsum dolor sit ame,Lorem ipsum dolor sit ame,http://lorem.com/ipsum,passenger@mail.com,+441279358395
#city variations
airport-19,Lorem ipsum dolor sit ame,AAA,INTERNATIONAL,L,Lorem ipsum dolor sit ame,http://lorem.com/ipsum,passenger@mail.com,+441279358395
airport-20,Lorem ipsum dolor sit ame,AAA,INTERNATIONAL,Lo,Lorem ipsum dolor sit ame,http://lorem.com/ipsum,passenger@mail.com,+441279358395
airport-21,Lorem ipsum dolor sit ame,AAA,INTERNATIONAL,"Lorem ipsum dolor sit amet, consectetur adipiscin",Lorem ipsum dolor sit ame,http://lorem.com/ipsum,passenger@mail.com,+441279358395
airport-22,Lorem ipsum dolor sit ame,AAA,INTERNATIONAL,"Lorem ipsum dolor sit amet, consectetur adipiscing",Lorem ipsum dolor sit ame,http://lorem.com/ipsum,passenger@mail.com,+441279358395
airport-23,Lorem ipsum dolor sit ame,AAA,INTERNATIONAL,โลเร็ม อิปซัม,Lorem ipsum dolor sit ame,http://lorem.com/ipsum,passenger@mail.com,+441279358395
airport-24,Lorem ipsum dolor sit ame,AAA,INTERNATIONAL,لوريم إيبسوم,Lorem ipsum dolor sit ame,http://lorem.com/ipsum,passenger@mail.com,+441279358395
airport-25,Lorem ipsum dolor sit ame,AAA,INTERNATIONAL,洛伦·伊普森,Lorem ipsum dolor sit ame,http://lorem.com/ipsum,passenger@mail.com,+441279358395
airport-26,Lorem ipsum dolor sit ame,AAA,INTERNATIONAL,<marquee>Hacked</marquee>,Lorem ipsum dolor sit ame,http://lorem.com/ipsum,passenger@mail.com,+441279358395
airport-27,Lorem ipsum dolor sit ame,AAA,INTERNATIONAL,<script>alert(‘Hacked!’);</script>,Lorem ipsum dolor sit ame,http://lorem.com/ipsum,passenger@mail.com,+441279358395
airport-28,Lorem ipsum dolor sit ame,AAA,INTERNATIONAL,' or 'A' = 'A,Lorem ipsum dolor sit ame,http://lorem.com/ipsum,passenger@mail.com,+441279358395
#country variations
airport-29,Lorem ipsum dolor sit ame,AAA,INTERNATIONAL,Lorem ipsum dolor sit ame,L,http://lorem.com/ipsum,passenger@mail.com,+441279358395
airport-30,Lorem ipsum dolor sit ame,AAA,INTERNATIONAL,Lorem ipsum dolor sit ame,Lo,http://lorem.com/ipsum,passenger@mail.com,+441279358395
airport-31,Lorem ipsum dolor sit ame,AAA,INTERNATIONAL,Lorem ipsum dolor sit ame,"Lorem ipsum dolor sit amet, consectetur adipiscin",http://lorem.com/ipsum,passenger@mail.com,+441279358395
airport-32,Lorem ipsum dolor sit ame,AAA,INTERNATIONAL,Lorem ipsum dolor sit ame,"Lorem ipsum dolor sit amet, consectetur adipiscing",http://lorem.com/ipsum,passenger@mail.com,+441279358395
airport-33,Lorem ipsum dolor sit ame,AAA,INTERNATIONAL,Lorem ipsum dolor sit ame,โลเร็ม อิปซัม,http://lorem.com/ipsum,passenger@mail.com,+441279358395
airport-34,Lorem ipsum dolor sit ame,AAA,INTERNATIONAL,Lorem ipsum dolor sit ame,لوريم إيبسوم,http://lorem.com/ipsum,passenger@mail.com,+441279358395
airport-35,Lorem ipsum dolor sit ame,AAA,INTERNATIONAL,Lorem ipsum dolor sit ame,洛伦·伊普森,http://lorem.com/ipsum,passenger@mail.com,+441279358395
airport-36,Lorem ipsum dolor sit ame,AAA,INTERNATIONAL,Lorem ipsum dolor sit ame,<marquee>Hacked</marquee>,http://lorem.com/ipsum,passenger@mail.com,+441279358395
airport-37,Lorem ipsum dolor sit ame,AAA,INTERNATIONAL,Lorem ipsum dolor sit ame,<script>alert(‘Hacked!’);</script>,http://lorem.com/ipsum,passenger@mail.com,+441279358395
airport-38,Lorem ipsum dolor sit ame,AAA,INTERNATIONAL,Lorem ipsum dolor sit ame,' or 'A' = 'A,http://lorem.com/ipsum,passenger@mail.com,+441279358395
#website variations
airport-39,Lorem ipsum dolor sit ame,AAA,INTERNATIONAL,Lorem ipsum dolor sit ame,Lorem ipsum dolor sit ame,ftp://a,passenger@mail.com,+441279358395
airport-40,Lorem ipsum dolor sit ame,AAA,INTERNATIONAL,Lorem ipsum dolor sit ame,Lorem ipsum dolor sit ame,ftp://a.b,passenger@mail.com,+441279358395
airport-41,Lorem ipsum dolor sit ame,AAA,INTERNATIONAL,Lorem ipsum dolor sit ame,Lorem ipsum dolor sit ame,"http://www.lorem-ipsum.org/dolor/sit/amet,/consectetur/adipiscing/elit,/sed/do/eiusmod/tempor/incididunt/ut/labore/et/dolore/magna/aliqua/Ut/enim/ad/minim/veniam/quis/nostrud/exercitation/ullamco/laboris/nisi/ut/aliquip/ex/ea/commodo/consequat/duis/aute/",passenger@mail.com,+441279358395
airport-42,Lorem ipsum dolor sit ame,AAA,INTERNATIONAL,Lorem ipsum dolor sit ame,Lorem ipsum dolor sit ame,"http://www.lorem-ipsum.org/dolor/sit/amet,/consectetur/adipiscing/elit,/sed/do/eiusmod/tempor/incididunt/ut/labore/et/dolore/magna/aliqua/Ut/enim/ad/minim/veniam/quis/nostrud/exercitation/ullamco/laboris/nisi/ut/aliquip/ex/ea/commodo/consequat/duis/aute/X",passenger@mail.com,+441279358395
airport-43,Lorem ipsum dolor sit ame,AAA,INTERNATIONAL,Lorem ipsum dolor sit ame,Lorem ipsum dolor sit ame,https://www.lorem-ipsum.org,passenger@mail.com,+441279358395
airport-44,Lorem ipsum dolor sit ame,AAA,INTERNATIONAL,Lorem ipsum dolor sit ame,Lorem ipsum dolor sit ame,ftp://www.lorem-ipsum.org,passenger@mail.com,+441279358395
airport-45,Lorem ipsum dolor sit ame,AAA,INTERNATIONAL,Lorem ipsum dolor sit ame,Lorem ipsum dolor sit ame,http://www.lorem-ipsum.org/dolor/sit.html,passenger@mail.com,+441279358395
airport-46,Lorem ipsum dolor sit ame,AAA,INTERNATIONAL,Lorem ipsum dolor sit ame,Lorem ipsum dolor sit ame,http://www.lorem-ipsum.org/dolor/sit.html#dolor,passenger@mail.com,+441279358395
airport-47,Lorem ipsum dolor sit ame,AAA,INTERNATIONAL,Lorem ipsum dolor sit ame,Lorem ipsum dolor sit ame,http://example.org?a=1&b=2,passenger@mail.com,+441279358395
airport-48,Lorem ipsum dolor sit ame,AAA,INTERNATIONAL,Lorem ipsum dolor sit ame,Lorem ipsum dolor sit ame,http://example.org?,passenger@mail.com,+441279358395
airport-49,Lorem ipsum dolor sit ame,AAA,INTERNATIONAL,Lorem ipsum dolor sit ame,Lorem ipsum dolor sit ame,http://example.org?a,passenger@mail.com,+441279358395
airport-50,Lorem ipsum dolor sit ame,AAA,INTERNATIONAL,Lorem ipsum dolor sit ame,Lorem ipsum dolor sit ame,http://example.org?a&b,passenger@mail.com,+441279358395
airport-51,Lorem ipsum dolor sit ame,AAA,INTERNATIONAL,Lorem ipsum dolor sit ame,Lorem ipsum dolor sit ame,http://example.org/,passenger@mail.com,+441279358395
airport-52,Lorem ipsum dolor sit ame,AAA,INTERNATIONAL,Lorem ipsum dolor sit ame,Lorem ipsum dolor sit ame,http://example.org/a,passenger@mail.com,+441279358395
airport-53,Lorem ipsum dolor sit ame,AAA,INTERNATIONAL,Lorem ipsum dolor sit ame,Lorem ipsum dolor sit ame,http://example.org/a/b,passenger@mail.com,+441279358395
airport-54,Lorem ipsum dolor sit ame,AAA,INTERNATIONAL,Lorem ipsum dolor sit ame,Lorem ipsum dolor sit ame,http://example.org/a/b?,passenger@mail.com,+441279358395
airport-55,Lorem ipsum dolor sit ame,AAA,INTERNATIONAL,Lorem ipsum dolor sit ame,Lorem ipsum dolor sit ame,http://example.org/a/b?a&b,passenger@mail.com,+441279358395
#email variations
airport-56,Lorem ipsum dolor sit ame,AAA,INTERNATIONAL,Lorem ipsum dolor sit ame,Lorem ipsum dolor sit ame,http://lorem.com/ipsum,a@b.e,+441279358395
airport-57,Lorem ipsum dolor sit ame,AAA,INTERNATIONAL,Lorem ipsum dolor sit ame,Lorem ipsum dolor sit ame,http://lorem.com/ipsum,a@b.es,+441279358395
airport-58,Lorem ipsum dolor sit ame,AAA,INTERNATIONAL,Lorem ipsum dolor sit ame,Lorem ipsum dolor sit ame,http://lorem.com/ipsum,a@b.esx,+441279358395
airport-59,Lorem ipsum dolor sit ame,AAA,INTERNATIONAL,Lorem ipsum dolor sit ame,Lorem ipsum dolor sit ame,http://lorem.com/ipsum,"lorem-ipsum@dolor.sit.amet.consectetur.adipiscing.elit.sed.do.eiusmod.tempor.incididunt.ut.labore.et.dolore.magna.aliqua.Ut.enim.ad.minim.veniam.quis.nostrud.exercitation.ullamco.laboris.nisi.ut.aliquip.ex.ea.commodo.consequat.duis.aute.irure.doloris.edu",+441279358395
airport-60,Lorem ipsum dolor sit ame,AAA,INTERNATIONAL,Lorem ipsum dolor sit ame,Lorem ipsum dolor sit ame,http://lorem.com/ipsum,"lorem-ipsum@dolor.sit.amet.consectetur.adipiscing.elit.sed.do.eiusmod.tempor.incididunt.ut.labore.et.dolore.magna.aliqua.Ut.enim.ad.minim.veniam.quis.nostrud.exercitation.ullamco.laboris.nisi.ut.aliquip.ex.ea.commodo.consequat.duis.aute.irure.dolor.es.org",+441279358395
#contactPhoneNumber variations
airport-61,Lorem ipsum dolor sit ame,AAA,INTERNATIONAL,Lorem ipsum dolor sit ame,Lorem ipsum dolor sit ame,http://lorem.com/ipsum,passenger@mail.com,999999
airport-62,Lorem ipsum dolor sit ame,AAA,INTERNATIONAL,Lorem ipsum dolor sit ame,Lorem ipsum dolor sit ame,http://lorem.com/ipsum,passenger@mail.com,000000000000000
airport-63,Lorem ipsum dolor sit ame,AAA,INTERNATIONAL,Lorem ipsum dolor sit ame,Lorem ipsum dolor sit ame,http://lorem.com/ipsum,passenger@mail.com,+123456
airport-64,Lorem ipsum dolor sit ame,AAA,INTERNATIONAL,Lorem ipsum dolor sit ame,Lorem ipsum dolor sit ame,http://lorem.com/ipsum,passenger@mail.com,123456
airport-65,Lorem ipsum dolor sit ame,AAA,INTERNATIONAL,Lorem ipsum dolor sit ame,Lorem ipsum dolor sit ame,http://lorem.com/ipsum,passenger@mail.com,+001234567890123