key,name,email,passport,dateOfBirth,specialNeeds
#Base Entity
passenger-01,"Lorem ipsum dolor sit amet, consectetur adipiscing elit. Sed do: eiusmod tempor incididunt ut labore et dolore magna aliqua! Ut*",acme@lorem-ipsum.org,1234567,2012/07/02 00:00,Lorem ipsum dolor sit ame
#Name
passenger-02,L,acme@lorem-ipsum.org,A234567,2012/07/02 00:00,Lorem ipsum dolor sit ame
passenger-03,Lo,acme@lorem-ipsum.org,A234567,2012/07/02 00:00,Lorem ipsum dolor sit ame
passenger-04,"Lorem ipsum dolor sit amet, consectetur adipiscing elit. Sed do: eiusmod tempor incididunt ut labore et dolore magna aliqua! Ut enim ad minim veniam? Quis nostrud exercitation ullamco laboris nisi ut aliquip ex ea commodo consequat. Duis aute irure dolor",acme@lorem-ipsum.org,A234567,2012/07/02 00:00,Lorem ipsum dolor sit ame
passenger-05,"Lorem ipsum dolor sit amet, consectetur adipiscing elit. Sed do: eiusmod tempor incididunt ut labore et dolore magna aliqua! Ut enim ad minim veniam? Quis nostrud exercitation ullamco laboris nisi ut aliquip ex ea commodo consequat. Duis aute irure dolor*",acme@lorem-ipsum.org,A234567,2012/07/02 00:00,Lorem ipsum dolor sit ame
passenger-06,โลเร็ม อิปซัม,acme@lorem-ipsum.org,A234567,2012/07/02 00:00,Lorem ipsum dolor sit ame
passenger-07,لوريم إيبسوم,acme@lorem-ipsum.org,A234567,2012/07/02 00:00,Lorem ipsum dolor sit ame
passenger-08,洛伦·伊普森,acme@lorem-ipsum.org,A234567,2012/07/02 00:00,Lorem ipsum dolor sit ame
passenger-09,<marquee>Hacked</marquee>,acme@lorem-ipsum.org,A234567,2012/07/02 00:00,Lorem ipsum dolor sit ame
passenger-10,<script>alert(‘Hacked!’);</script>,acme@lorem-ipsum.org,A234567,2012/07/02 00:00,Lorem ipsum dolor sit ame
passenger-11,' or 'A' = 'A,acme@lorem-ipsum.org,A234567,2012/07/02 00:00,Lorem ipsum dolor sit ame
#Email
passenger-12,"Lorem ipsum dolor sit amet, consectetur adipiscing elit. Sed do: eiusmod tempor incididunt ut labore et dolore magna aliqua! Ut*",acme-password@lorem-ipsum.org,A234567,2012/07/02 00:00,Lorem ipsum dolor sit ame
passenger-13,"Lorem ipsum dolor sit amet, consectetur adipiscing elit. Sed do: eiusmod tempor incididunt ut labore et dolore magna aliqua! Ut*",a@b.e,A234567,2012/07/02 00:00,Lorem ipsum dolor sit ame
passenger-14,"Lorem ipsum dolor sit amet, consectetur adipiscing elit. Sed do: eiusmod tempor incididunt ut labore et dolore magna aliqua! Ut*",a@b.es,A234567,2012/07/02 00:00,Lorem ipsum dolor sit ame
passenger-15,"Lorem ipsum dolor sit amet, consectetur adipiscing elit. Sed do: eiusmod tempor incididunt ut labore et dolore magna aliqua! Ut*",a@b.ex,A234567,2012/07/02 00:00,Lorem ipsum dolor sit ame
passenger-16,"Lorem ipsum dolor sit amet, consectetur adipiscing elit. Sed do: eiusmod tempor incididunt ut labore et dolore magna aliqua! Ut*",lorem-ipsum@dolor.sit.amet.consectetur.adipiscing.elit.sed.do.eiusmod.tempor.incididunt.ut.labore.et.dolore.magna.aliqua.Ut.enim.ad.minim.veniam.quis.nostrud.exercitation.ullamco.laboris.nisi.ut.aliquip.ex.ea.commodo.consequat.duis.aute.irure.doloris.edu,A234567,2012/07/02 00:00,Lorem ipsum dolor sit ame
passenger-17,"Lorem ipsum dolor sit amet, consectetur adipiscing elit. Sed do: eiusmod tempor incididunt ut labore et dolore magna aliqua! Ut*",lorem-ipsum@dolor.sit.amet.consectetur.adipiscing.elit.sed.do.eiusmod.tempor.incididunt.ut.labore.et.dolore.magna.aliqua.Ut.enim.ad.minim.veniam.quis.nostrud.exercitation.ullamco.laboris.nisi.ut.aliquip.ex.ea.commodo.consequat.duis.aute.irure.dolor.es.org,A234567,2012/07/02 00:00,Lorem ipsum dolor sit ame
#Passport
passenger-18,"Lorem ipsum dolor sit amet, consectetur adipiscing elit. Sed do: eiusmod tempor incididunt ut labore et dolore magna aliqua! Ut*",acme@lorem-ipsum.org,B0NHYZ,2012/07/02 00:00,Lorem ipsum dolor sit ame
passenger-19,"Lorem ipsum dolor sit amet, consectetur adipiscing elit. Sed do: eiusmod tempor incididunt ut labore et dolore magna aliqua! Ut*",acme@lorem-ipsum.org,SWO8ROJNX,2012/07/02 00:00,Lorem ipsum dolor sit ame
passenger-20,"Lorem ipsum dolor sit amet, consectetur adipiscing elit. Sed do: eiusmod tempor incididunt ut labore et dolore magna aliqua! Ut*",acme@lorem-ipsum.org,ABCDEFGHI,2012/07/02 00:00,Lorem ipsum dolor sit ame
#DateOfBirth
passenger-21,"Lorem ipsum dolor sit amet, consectetur adipiscing elit. Sed do: eiusmod tempor incididunt ut labore et dolore magna aliqua! Ut*",acme@lorem-ipsum.org,A234567,2000/01/01 00:00,Lorem ipsum dolor sit ame
passenger-22,"Lorem ipsum dolor sit amet, consectetur adipiscing elit. Sed do: eiusmod tempor incididunt ut labore et dolore magna aliqua! Ut*",acme@lorem-ipsum.org,A234567,2000/01/01 00:01,Lorem ipsum dolor sit ame
passenger-23,"Lorem ipsum dolor sit amet, consectetur adipiscing elit. Sed do: eiusmod tempor incididunt ut labore et dolore magna aliqua! Ut*",acme@lorem-ipsum.org,A234567,2022/07/29 23:59,Lorem ipsum dolor sit ame
passenger-24,"Lorem ipsum dolor sit amet, consectetur adipiscing elit. Sed do: eiusmod tempor incididunt ut labore et dolore magna aliqua! Ut*",acme@lorem-ipsum.org,A234567,2022/07/30 00:00,Lorem ipsum dolor sit ame
#SpecialNeeds
passenger-25,"Lorem ipsum dolor sit amet, consectetur adipiscing elit. Sed do: eiusmod tempor incididunt ut labore et dolore magna aliqua! Ut*",acme@lorem-ipsum.org,A234567,2012/07/02 00:00,L
passenger-26,"Lorem ipsum dolor sit amet, consectetur adipiscing elit. Sed do: eiusmod tempor incididunt ut labore et dolore magna aliqua! Ut*",acme@lorem-ipsum.org,A234567,2012/07/02 00:00,Lo
passenger-27,"Lorem ipsum dolor sit amet, consectetur adipiscing elit. Sed do: eiusmod tempor incididunt ut labore et dolore magna aliqua! Ut*",acme@lorem-ipsum.org,A234567,2012/07/02 00:00,"Lorem ipsum dolor sit amet, consectetur adipiscin"
passenger-28,"Lorem ipsum dolor sit amet, consectetur adipiscing elit. Sed do: eiusmod tempor incididunt ut labore et dolore magna aliqua! Ut*",acme@lorem-ipsum.org,A234567,2012/07/02 00:00,"Lorem ipsum dolor sit amet, consectetur adipiscing"
passenger-29,"Lorem ipsum dolor sit amet, consectetur adipiscing elit. Sed do: eiusmod tempor incididunt ut labore et dolore magna aliqua! Ut*",acme@lorem-ipsum.org,A234567,2012/07/02 00:00,โลเร็ม อิปซัม
passenger-30,"Lorem ipsum dolor sit amet, consectetur adipiscing elit. Sed do: eiusmod tempor incididunt ut labore et dolore magna aliqua! Ut*",acme@lorem-ipsum.org,A234567,2012/07/02 00:00,لوريم إيبسوم
passenger-31,"Lorem ipsum dolor sit amet, consectetur adipiscing elit. Sed do: eiusmod tempor incididunt ut labore et dolore magna aliqua! Ut*",acme@lorem-ipsum.org,A234567,2012/07/02 00:00,洛伦·伊普森
passenger-32,"Lorem ipsum dolor sit amet, consectetur adipiscing elit. Sed do: eiusmod tempor incididunt ut labore et dolore magna aliqua! Ut*",acme@lorem-ipsum.org,A234567,2012/07/02 00:00,<marquee>Hacked</marquee>
passenger-33,"Lorem ipsum dolor sit amet, consectetur adipiscing elit. Sed do: eiusmod tempor incididunt ut labore et dolore magna aliqua! Ut*",acme@lorem-ipsum.org,A234567,2012/07/02 00:00,<script>alert(‘Hacked!’);</script>
passenger-34,"Lorem ipsum dolor sit amet, consectetur adipiscing elit. Sed do: eiusmod tempor incididunt ut labore et dolore magna aliqua! Ut*",acme@lorem-ipsum.org,A234567,2012/07/02 00:00,' or 'A' = 'A 
