key,licenseNumber,phoneNumber,specialisation,annualHealthTestPassed,experienceYears,certifications,key:user-account
#base entity,"",""
technician-00,NK129180,+509330674018253,Lorem ipsum dolor sit ame,True,60,"Lorem ipsum dolor sit amet, consectetur adipiscing elit. Sed do: eiusmod tempor incididunt ut labore et dolore magna aliqua! Ut*",user-account-technician-01
#licenseNumber - standard variation,"","","","",""
technician-01,NS996194,+509330674018253,Lorem ipsum dolor sit ame,True,60,"Lorem ipsum dolor sit amet, consectetur adipiscing elit. Sed do: eiusmod tempor incididunt ut labore et dolore magna aliqua! Ut*",user-account-technician-01
technician-02,FXC851694,+509330674018253,Lorem ipsum dolor sit ame,True,60,"Lorem ipsum dolor sit amet, consectetur adipiscing elit. Sed do: eiusmod tempor incididunt ut labore et dolore magna aliqua! Ut*",user-account-technician-01
#phoneNumber - standard variation
technician-03,SU492236,923868,Lorem ipsum dolor sit ame,True,60,"Lorem ipsum dolor sit amet, consectetur adipiscing elit. Sed do: eiusmod tempor incididunt ut labore et dolore magna aliqua! Ut*",user-account-technician-01
technician-04,XMV734853,+119246,Lorem ipsum dolor sit ame,True,60,"Lorem ipsum dolor sit amet, consectetur adipiscing elit. Sed do: eiusmod tempor incididunt ut labore et dolore magna aliqua! Ut*",user-account-technician-01
technician-05,OFB671036,+8076377,Lorem ipsum dolor sit ame,True,60,"Lorem ipsum dolor sit amet, consectetur adipiscing elit. Sed do: eiusmod tempor incididunt ut labore et dolore magna aliqua! Ut*",user-account-technician-01
technician-06,KN012878,+58938807,Lorem ipsum dolor sit ame,True,60,"Lorem ipsum dolor sit amet, consectetur adipiscing elit. Sed do: eiusmod tempor incididunt ut labore et dolore magna aliqua! Ut*",user-account-technician-01
technician-07,NZ272089,+880053048,Lorem ipsum dolor sit ame,True,60,"Lorem ipsum dolor sit amet, consectetur adipiscing elit. Sed do: eiusmod tempor incididunt ut labore et dolore magna aliqua! Ut*",user-account-technician-01
technician-08,YI183501,+4140265965,Lorem ipsum dolor sit ame,True,60,"Lorem ipsum dolor sit amet, consectetur adipiscing elit. Sed do: eiusmod tempor incididunt ut labore et dolore magna aliqua! Ut*",user-account-technician-01
technician-09,JN053911,+74344569276,Lorem ipsum dolor sit ame,True,60,"Lorem ipsum dolor sit amet, consectetur adipiscing elit. Sed do: eiusmod tempor incididunt ut labore et dolore magna aliqua! Ut*",user-account-technician-01
technician-10,YFM041889,+327357529910,Lorem ipsum dolor sit ame,True,60,"Lorem ipsum dolor sit amet, consectetur adipiscing elit. Sed do: eiusmod tempor incididunt ut labore et dolore magna aliqua! Ut*",user-account-technician-01
technician-11,JR233818,+2674089139569,Lorem ipsum dolor sit ame,True,60,"Lorem ipsum dolor sit amet, consectetur adipiscing elit. Sed do: eiusmod tempor incididunt ut labore et dolore magna aliqua! Ut*",user-account-technician-01
technician-12,AP691425,+40050565921452,Lorem ipsum dolor sit ame,True,60,"Lorem ipsum dolor sit amet, consectetur adipiscing elit. Sed do: eiusmod tempor incididunt ut labore et dolore magna aliqua! Ut*",user-account-technician-01
technician-13,VOS900235,+509330674018253,Lorem ipsum dolor sit ame,True,60,"Lorem ipsum dolor sit amet, consectetur adipiscing elit. Sed do: eiusmod tempor incididunt ut labore et dolore magna aliqua! Ut*",user-account-technician-01
#specialisation - standard variation
technician-14,AV649465,+509330674018253,L,True,60,"Lorem ipsum dolor sit amet, consectetur adipiscing elit. Sed do: eiusmod tempor incididunt ut labore et dolore magna aliqua! Ut*",user-account-technician-01
technician-15,GO538050,+509330674018253,Lo,True,60,"Lorem ipsum dolor sit amet, consectetur adipiscing elit. Sed do: eiusmod tempor incididunt ut labore et dolore magna aliqua! Ut*",user-account-technician-01
technician-16,ON015608,+509330674018253,"Lorem ipsum dolor sit amet, consectetur adipiscin",True,60,"Lorem ipsum dolor sit amet, consectetur adipiscing elit. Sed do: eiusmod tempor incididunt ut labore et dolore magna aliqua! Ut*",user-account-technician-01
technician-17,MC629970,+509330674018253,"Lorem ipsum dolor sit amet, consectetur adipiscing",True,60,"Lorem ipsum dolor sit amet, consectetur adipiscing elit. Sed do: eiusmod tempor incididunt ut labore et dolore magna aliqua! Ut*",user-account-technician-01
technician-18,IP313366,+509330674018253,โลเร็ม อิปซัม,True,60,"Lorem ipsum dolor sit amet, consectetur adipiscing elit. Sed do: eiusmod tempor incididunt ut labore et dolore magna aliqua! Ut*",user-account-technician-01
technician-19,TP874676,+509330674018253,لوريم إيبسوم,True,60,"Lorem ipsum dolor sit amet, consectetur adipiscing elit. Sed do: eiusmod tempor incididunt ut labore et dolore magna aliqua! Ut*",user-account-technician-01
technician-20,VW765402,+509330674018253,洛伦·伊普森,True,60,"Lorem ipsum dolor sit amet, consectetur adipiscing elit. Sed do: eiusmod tempor incididunt ut labore et dolore magna aliqua! Ut*",user-account-technician-01
technician-21,AE954745,+509330674018253,<marquee>Hacked</marquee>,True,60,"Lorem ipsum dolor sit amet, consectetur adipiscing elit. Sed do: eiusmod tempor incididunt ut labore et dolore magna aliqua! Ut*",user-account-technician-01
technician-22,NM342294,+509330674018253,<script>alert(‘Hacked!’);</script>,True,60,"Lorem ipsum dolor sit amet, consectetur adipiscing elit. Sed do: eiusmod tempor incididunt ut labore et dolore magna aliqua! Ut*",user-account-technician-01
technician-23,DD058442,+509330674018253,' or 'A' = 'A,True,60,"Lorem ipsum dolor sit amet, consectetur adipiscing elit. Sed do: eiusmod tempor incididunt ut labore et dolore magna aliqua! Ut*",user-account-technician-01
#annualHealthTestPassed - standard variation
technician-24,PP668893,+509330674018253,Lorem ipsum dolor sit ame,False,60,"Lorem ipsum dolor sit amet, consectetur adipiscing elit. Sed do: eiusmod tempor incididunt ut labore et dolore magna aliqua! Ut*",user-account-technician-02
#experienceYears - standard variation,""
technician-25,HY484702,+509330674018253,Lorem ipsum dolor sit ame,True,0,"Lorem ipsum dolor sit amet, consectetur adipiscing elit. Sed do: eiusmod tempor incididunt ut labore et dolore magna aliqua! Ut*",user-account-technician-02
technician-26,IK929657,+509330674018253,Lorem ipsum dolor sit ame,True,1,"Lorem ipsum dolor sit amet, consectetur adipiscing elit. Sed do: eiusmod tempor incididunt ut labore et dolore magna aliqua! Ut*",user-account-technician-02
technician-27,SH107615,+509330674018253,Lorem ipsum dolor sit ame,True,119,"Lorem ipsum dolor sit amet, consectetur adipiscing elit. Sed do: eiusmod tempor incididunt ut labore et dolore magna aliqua! Ut*",user-account-technician-02
technician-28,WA967585,+509330674018253,Lorem ipsum dolor sit ame,True,120,"Lorem ipsum dolor sit amet, consectetur adipiscing elit. Sed do: eiusmod tempor incididunt ut labore et dolore magna aliqua! Ut*",user-account-technician-02
#certifications - standard variations,"","","","","","",""
technician-29,DE271423,+509330674018253,Lorem ipsum dolor sit ame,True,60,L,user-account-technician-02
technician-30,IRX523678,+509330674018253,Lorem ipsum dolor sit ame,True,60,Lo,user-account-technician-02
technician-31,WX980149,+509330674018253,Lorem ipsum dolor sit ame,True,60,"Lorem ipsum dolor sit amet, consectetur adipiscing elit. Sed do: eiusmod tempor incididunt ut labore et dolore magna aliqua! Ut enim ad minim veniam? Quis nostrud exercitation ullamco laboris nisi ut aliquip ex ea commodo consequat. Duis aute irure dolor",user-account-technician-02
technician-32,IE789987,+509330674018253,Lorem ipsum dolor sit ame,True,60,"Lorem ipsum dolor sit amet, consectetur adipiscing elit. Sed do: eiusmod tempor incididunt ut labore et dolore magna aliqua! Ut enim ad minim veniam? Quis nostrud exercitation ullamco laboris nisi ut aliquip ex ea commodo consequat. Duis aute irure dolor*",user-account-technician-02
technician-33,FK819643,+509330674018253,Lorem ipsum dolor sit ame,True,60,โลเร็ม อิปซัม,user-account-technician-02
technician-34,RN623300,+509330674018253,Lorem ipsum dolor sit ame,True,60,لوريم إيبسوم,user-account-technician-02
technician-35,UG812622,+509330674018253,Lorem ipsum dolor sit ame,True,60,洛伦·伊普森,user-account-technician-02
technician-36,YF450989,+509330674018253,Lorem ipsum dolor sit ame,True,60,<marquee>Hacked</marquee>,user-account-technician-02
technician-37,BX184971,+509330674018253,Lorem ipsum dolor sit ame,True,60,<script>alert(‘Hacked!’);</script>,user-account-technician-02
technician-38,RIK295343,+509330674018253,Lorem ipsum dolor sit ame,True,60,' or 'A' = 'A,user-account-technician-02
technician-39,OLM824326,+509330674018253,Lorem ipsum dolor sit ame,True,60,"",user-account-technician-02
